,city,average_flights
43,Москва,129.77419354838707
70,Санкт-Петербург,31.161290322580644
54,Новосибирск,17.32258064516129
33,Красноярск,11.580645161290322
20,Екатеринбург,11.32258064516129
67,Ростов-на-Дону,10.193548387096774
63,Пермь,10.129032258064516
10,Брянск,10.0
74,Сочи,9.612903225806452
84,Ульяновск,9.580645161290322
